<?xml version="1.0" encoding="UTF-8" standalone="yes"?>
<addon id="plugin.video.Tetoo" name="Tetoo" version="1.0" provider-name="Tetoo">
  <requires>
    <import addon="xbmc.python" version="2.1.0"/>
  </requires>
  <extension point="xbmc.python.pluginsource" library="default.py">
        <provides>video executable</provides>
  </extension>
  <extension point="xbmc.addon.metadata">
    <summary lang="en">Tetoo Wizard</summary>
    <description lang="en">Designed by tetoo</description>
    <platform>all</platform>
  </extension>
</addon>
